#Patient_ID,Name,Gender,Address,City,Country,Phone,Insurance_ID,First_Name,Last_Name
2,Sollie Cle,Male,30 Memoria,Avon,USA,9688080977,,Sollie,Clear
7,Alexis Bar,Female,55 Brooksb,Danvers,USA,9766338504,591-21-047,Alexis,Barstow
8,Maddalena ,Female,137 Teatic,East Falmo,USA,9406877998,578-64-037,Maddalena,Oguz
14,Brietta Pi,Female,295 Plymou,Halifax,USA,9659006399,144-02-407,Brietta,Pirolini
18,Gerianna B,Female,11 Jungle ,Leominster,USA,9514372914,482-23-166,Gerianna,Backwell
20,Dennie Kil,Female,780 Lynnwa,Lynn,USA,9853913184,845-66-355,Dennie,Kilbourn
22,Berget Mea,Female,830 Curran,North Adam,USA,9037270579,229-42-098,Berget,Mealiffe
24,Hanni Rowe,Female,506 State ,North Dart,USA,9208061080,119-15-147,Hanni,Rowell
28,Neala Trev,Female,180 North ,Northhampt,USA,9475299426,881-32-902,Neala,Trevorrow
33,Ray Lillga,Female,36 Paramou,Raynham,USA,9677067546,297-36-675,Ray,Lillgard
34,Quentin Ig,Female,450 Highla,Salem,USA,9080656536,247-79-256,Quentin,Igounet
39,Neilla Sam,Female,333 Main S,Tewksbury,USA,9627979836,776-81-653,Neilla,Samart
40,Agustin Gy,Male,550 Provid,Walpole,USA,9778551636,672-09-659,Agustin,Gyse
41,Freedman H,Male,352 Palmer,Ware,USA,9033293703,708-15-080,Freedman,Hindge
43,Charlie Ma,Male,250 Rt 59,Airmont,USA,9037001465,182-29-609,Charlie,Matura
46,Caprice Du,Female,2055 Niaga,Amherst,USA,9589246024,284-07-845,Caprice,Duns
59,Tamqrah Ma,Female,3949 Route,Clay,USA,9100343370,876-70-433,Tamqrah,Mantha
62,Wynn Jakub,Male,872 Route ,Cortlandvi,USA,9330571906,183-84-670,Wynn,Jakubovicz
64,Burk Stamp,Male,2465 Hemps,East Meado,USA,9834646501,339-74-056,Burk,Stamps
65,Tobiah Ins,Male,6438 Basil,East Syrac,USA,9828337761,516-88-498,Tobiah,Insall
66,Farrel Tod,Male,25737 US R,Evans Mill,USA,9414065167,592-79-703,Farrel,Todarello
75,Emmaline C,Female,100 Elm Ri,Greece,USA,9499168370,102-11-769,Emmaline,Cratchley
82,Lloyd Gree,Male,2 Gannett ,Johnson Ci,USA,9419413635,107-95-078,Lloyd,Greetham
83,Demetris C,Male,233 5th Av,Johnstown,USA,9511779181,103-94-844,Demetris,Claypool
89,Inessa Dum,Female,7155 State,Lowville,USA,9396482880,760-85-663,Inessa,Dumingo
96,Lishe Rank,Female,3133 E Mai,Mohegan La,USA,9211884837,594-10-973,Lishe,Ranklin
99,Toddy Lamb,Male,4765 Comme,New Hartfo,USA,9600071046,811-34-087,Toddy,Lambart
103,Daphne Kac,Female,1400 Farmi,Bristol,USA,9428262445,288-21-958,Daphne,Kach
104,Corbett Dr,Male,161 Berlin,Cromwell,USA,9690257010,473-83-159,Corbett,Drew-Clift
123,Fowler Pat,Male,655 Boston,Old Saybro,USA,9994836551,138-82-564,Fowler,Patullo
130,Nial Bulla,Male,844 No Col,Wallingfor,USA,9796188324,483-33-236,Nial,Bullan
132,Lindy Sobi,Female,155 Waterf,Waterford,USA,9013251972,411-54-738,Lindy,Sobieski
133,Mona Kebel,Female,515 Sawmil,West Haven,USA,9891121722,545-73-462,Mona,Kebell
135,Bay Nutton,Male,630 Coonia,Alabaster,USA,9318242609,275-88-897,Bay,Nutton
142,Lin Brew,Male,1717 South,Auburn,USA,9425310393,193-96-003,Lin,Brew
145,Vivie Cord,Female,312 Palisa,Birmingham,USA,9828970972,335-01-024,Vivie,Cords
146,Nancie Sud,Female,1600 Montc,Birmingham,USA,9781158368,875-27-747,Nancie,Sudlow
148,Giana Guye,Female,9248 Parkw,Birmingham,USA,9455840692,465-64-826,Giana,Guye
152,Lizzie Sel,Female,5100 Hwy 3,Calera,USA,8943256269,479-67-458,Lizzie,Sellack
154,Osbert Wei,Male,1950 W Mai,Centre,USA,8881914542,214-27-006,Osbert,Weins
159,Conrado Cz,Male,2800 Sprin,Decatur,USA,8979779333,215-50-071,Conrado,Czadla
160,Arther She,Male,969 Us Hwy,Demopolis,USA,8931399833,447-39-680,Arther,Sherrard
164,Brandi Daw,Female,3176 South,Eufaula,USA,8976188194,679-83-771,Brandi,Dawtrey
165,Farris Loa,Male,7100 Aaron,Fairfield,USA,8944406528,490-32-546,Farris,Loades
167,Delphine K,Female,3186 Hwy 1,Fayette,USA,8941027145,114-36-179,Delphine,Kippie
168,Terrel Mat,Male,3100 Hough,Florence,USA,8850035503,536-53-446,Terrel,Mattosoff
170,Waldo Tret,Male,2001 Glenn,Fort Payne,USA,8859600327,153-21-135,Waldo,Trett
172,Jessie Dee,Male,890 Odum R,Gardendale,USA,8806876475,431-82-436,Jessie,Deelay
180,Karola Wal,Female,209 Lakesh,Homewood,USA,8949708529,458-08-279,Karola,Walsham
181,Beilul Dug,Female,2780 John ,Hoover,USA,8921869848,,Beilul,Dugdale
183,Stormie Ki,Female,1007 Red F,Hueytown,USA,8833628465,885-18-648,Stormie,Kissick
190,Conny Malk,Female,1625 Pelha,Jacksonvil,USA,8817050180,,Conny,Malkie
191,Marget Rep,Female,1801 Hwy 7,Jasper,USA,8923033640,,Marget,Repp
194,Samson Fet,Male,145 Kelley,Millbrook,USA,8993562454,549-10-808,Samson,Fetherston
196,Inna Orfor,Female,6350 Cotta,Mobile,USA,8946829826,717-23-955,Inna,Orford
197,Jean Facch,Male,101 South ,Mobile,USA,8856473384,,Jean,Facchini
200,Calley Bur,Female,685 Schill,Mobile,USA,8822318684,807-08-241,Calley,Burnett
201,Harcourt H,Male,3371 S Ala,Monroevill,USA,8920580468,239-72-507,Harcourt,Healey
207,Catriona N,Female,517 West A,Muscle Sho,USA,8880387720,149-83-259,Catriona,Noni
212,Melli Desp,Female,1537 Hwy 2,Ozark,USA,8851513142,761-37-368,Melli,Desporte
217,Brittaney ,Female,4180 Us Hw,Roanoke,USA,8824164862,450-70-667,Brittaney,Mulhall
218,Roseanna M,Female,13675 Hwy ,Russellvil,USA,8861835185,,Roseanna,Martugin
225,Leslie Mac,Male,41301 US H,Sylacauga,USA,8896596434,348-88-951,Leslie,MacFadzean
230,Melantha F,Female,1501 Skyla,Tuscaloosa,USA,8897587995,236-03-531,Melantha,Fundell
236,Ricard Tro,Male,Sector 3,Marathalli,India,8839133029,567-38-954,Ricard,Troucher
237,Gabey Maye,Female,Mumbai Cen,Mumbai,India,8939085868,268-98-330,Gabey,Mayes
240,Augie Ross,Male,Rmz Centen,Whitefield,India,8987594572,383-63-773,Augie,Rosso
241,Gannon Gam,Male,Mumbai Cen,Mumbai,India,8988132477,144-21-894,Gannon,Gammons
242,Shoshanna ,Female,Delhi Univ,Delhi,India,8823798324,396-24-805,Shoshanna,Surgison
243,Stace Fake,Female,Delhi Univ,Delhi,India,8992187944,233-43-338,Stace,Fake
247,Myron Bunn,Male,Sector 1,Noida,India,8985090216,333-64-549,Myron,Bunney
250,Adelaide A,Female,Moulali,Kolkata,India,8129510259,173-16-156,Adelaide,Arkil
257,Jorry Cast,Female,D-Block, S,Noida,India,8388596405,731-88-351,Jorry,Castelluzz
258,Darnall Wo,Male,D-Block, S,Noida,India,8359466826,569-73-521,Darnall,Woodcock
260,Gianni Fit,Male,Mico Layou, BTM Layou,India,8605224197,696-63-138,Gianni,Fitzer
261,Shandeigh ,Female,D-Block, S, Noida,India,8329197363,362-96-454,Shandeigh,Grono
266,Pepe Culle,Male,D-Block, S, Noida,India,8192795304,499-82-208,Pepe,Cullerne
267,Stanwood K,Male,FTI Colleg, Pune,India,8374651455,452-26-481,Stanwood,Kohrs
279,Patrick Da,Male,Tiretti,Kolkata,India,8425007889,411-88-348,Patrick,Dare
280,Dilan Brow,Male,Majestic,Bangalore,India,8010230853,434-29-380,Dilan,Brownsword
282,Fonzie Bea,Male,Mico Layou,Bangalore,India,8592190369,145-11-511,Fonzie,Beaman
288,Kincaid Cu,Male,MG Road,Pune,India,8602618027,758-99-064,Kincaid,Cullen
289,Ezmeralda ,Female,Sector 1,Noida,India,8063323268,262-23-920,Ezmeralda,Paolazzi
295,Lilias Vot,Female,MG Road,Pune,India,8225888115,179-23-801,Lilias,Votier
298,Melody Pur,Female,Sector 3,Marathalli,India,8691628240,221-86-322,Melody,Purkiss
303,Franky Dit,Female,Delhi High,Delhi,India,8625509673,899-11-652,Franky,Ditchett
307,Niccolo Pa,Male,Sector 1,Noida,India,8679906748,677-16-739,Niccolo,Parrott
309,Saleem Sim,Male,Majestic,Bangalore,India,8275256162,,Saleem,Simmonett
311,Anabelle W,Female,Delhi Admi,Timarpur,India,8379650501,,Anabelle,Winram
316,Thaine Han,Male,D-Block, S,Noida,India,8156679591,240-78-789,Thaine,Handyside
323,Clair Kair,Male,Rmz Centen,Whitefield,India,8237855300,281-76-254,Clair,Kairns
325,Larissa Ge,Female,Sandhurst ,Mumbai,India,8208601011,835-18-846,Larissa,Geroldini
326,Riley Juli,Male,Sector 63A,Gurgaon,India,8192936191,605-46-742,Riley,Juliano
329,Bekki Muzz,Female,Mumbai Cen,Mumbai,India,8483407203,273-34-826,Bekki,Muzzollo
335,Goddart Bo,Male,Sector 3,Marathalli,India,8429560098,365-12-746,Goddart,Bolesworth
336,Alie Lyne,Female,Pune Unive,Pune,India,8309981670,135-15-604,Alie,Lyne
337,Erl McElro,Male,Mico Layou,Bangalore,India,8270004004,837-22-863,Erl,McElroy
340,Raphael Fe,Male,Dockyard R,Mumbai,India,8147676785,284-37-169,Raphael,Feighry
341,Cristiano ,Male,Tejas Naga, Mumbai,India,8497171785,749-32-088,Cristiano,Massey
343,Mirella Al,Female,Delhi Admi,Delhi,India,8858238368,459-87-145,Mirella,Alldritt
347,Barbi Swat,Female,Sector 14,Noida,India,8580656512,417-22-811,Barbi,Swatridge
350,Darda Hars,Female,FTI Colleg, Pune,India,8555322441,,Darda,Hars
352,Alison Kla,Female,Rmz Centen, Whitefiel,India,8457542612,800-77-765,Alison,Klais
354,Jamaal Bol,Male,Mico Layou, BTM Layou,India,8596253843,704-65-456,Jamaal,Bolderson
357,Wilma Brog,Female,Delhi Cant,Delhi,India,8088769557,713-83-086,Wilma,Brogan
358,Bond Yoell,Male,Nathan Roa, Pune,India,8093059626,848-72-004,Bond,Yoell
366,Vivyan Kil,Female,D-Block, S, Noida,India,8190573884,497-33-350,Vivyan,Killingwor
367,Karly Grin,Female,Mico Layou, BTM Layou,India,8676181888,320-95-663,Karly,Grinishin
368,Elisabeth ,Female,Delhi High,Delhi,India,8861156218,569-71-095,Elisabeth,Gladdifh
370,Dennet Lip,Male,Sector 1, ,Noida,India,8879983977,136-84-434,Dennet,Lippiatt
372,Clementina,Female,D-Block, S, Noida,India,8306074014,865-07-184,Clementina,Littledike
379,Osbert Mid,Male,D-Block, S, Noida,India,8667771647,691-15-887,Osbert,Middlemiss
380,Shaw Aishf,Male,Panjetan C, Hyderabad,India,8446254765,328-83-482,Shaw,Aishford
383,Brett Cane,Male,Delhi Univ,Delhi,India,8272992543,542-11-678,Brett,Canet
391,Glenda Wra,Female,Yerawada, , Maharasht,India,8755871437,575-88-551,Glenda,Wrathmall
392,Derk Cripp,Male,Mumbai Cen,Mumbai,India,8286707639,847-20-705,Derk,Crippell
399,Ali Goch,Male,Raja Bazar,Kolkata,India,7643668934,814-48-579,Ali,Goch
403,Fremont Du,Male,Yerawada, , Maharasht,India,7023500843,791-42-326,Fremont,Duthy
408,Leila Cami,Female,Rmz Centen, Whitefiel,India,7515400643,510-29-515,Leila,Camilleri
410,Emelita Gr,Female,Dockyard R,Mumbai,India,7297513832,796-44-416,Emelita,Grissett
412,Lark Winte,Female,Sector 1, ,Noida,India,7348146943,188-43-988,Lark,Winterscal
414,Orsa Urvoy,Female,Delhi Cant,Delhi,India,7082008636,608-62-712,Orsa,Urvoy
421,Rob Curnic,Male,Delhi Univ,Delhi,India,7627892508,,Rob,Curnick
422,Arlene Dud,Female,Pune Unive,Pune,India,7776521204,,Arlene,Duding
425,Elmer Mino,Male,Tiretti, K,Kolkata,India,7301744321,677-04-555,Elmer,Minors
429,Vinny Sivi,Female,Raja Bazar,Kolkata,India,7113040807,791-46-177,Vinny,Sivil
431,Augy Reich,Male,Pune Unive,Pune,India,7760928610,341-29-595,Augy,Reicharz
434,Christean ,Female,Delhi Univ,Delhi,India,7687028465,198-28-539,Christean,Auchinleck
438,Wadsworth ,Male,Mico Layou, BTM Layou,India,7383313972,,Wadsworth,Shildrick
439,Adah Asaaf,Female,D-Block, S, Noida,India,7165399331,883-84-557,Adah,Asaaf
440,Gunner Hov,Male,Delhi High,Delhi,India,7101579205,828-83-211,Gunner,Hovie
441,Livy O'Cri,Female,Panjetan C, Hyderabad,India,7284345190,372-14-989,Livy,O'Crigane
444,Bertie Fer,Female,Sector 3, ,Noida,India,7495756634,306-58-366,Bertie,Fernant
448,Odilia Ess,Female,Mico Layou, BTM Layou,India,7603620616,155-24-549,Odilia,Esser
457,Celesta Ba,Female,Rmz Centen, Whitefiel,India,7771821840,272-14-946,Celesta,Bainton
458,Jillie Ans,Female,Sandhurst ,Mumbai,India,7508101851,,Jillie,Anstie
462,Matilda Re,Female,Laxman Vih, Gurgoan,India,7496761292,144-52-435,Matilda,Renouf
463,Donielle E,Female,Pune Unive,Pune,India,7127635683,102-83-792,Donielle,Essery
466,El Dorie,Male,Dockyard R,Mumbai,India,7309107420,545-85-905,El,Dorie
470,Krista Dum,Female,Babarpur, , Delhi,India,7505042282,476-80-126,Krista,Dumbarton
473,Mari Lamze,Female,Mumbai Cen,Mumbai,India,7329192726,669-65-402,Mari,Lamzed
475,Donnell Hu,Male,D-Block, S, Noida,India,7624127529,425-33-634,Donnell,Hulmes
480,Chicky Jos,Male,Nathan Roa, Pune,India,7010860190,466-77-834,Chicky,Joselevitc
486,Cortney It,Female,D-Block, S, Noida,India,7615691201,351-78-866,Cortney,Itzkovitch
489,Carny Gegg,Male,Sector 1, ,Noida,India,7425132333,499-43-155,Carny,Geggie
492,Jimmy Matu,Male,MG Road, P,Pune,India,7551950597,,Jimmy,Matuskiewi
496,Lurlene Ce,Female,Mumbai Cen,Mumbai,India,7371814829,318-24-071,Lurlene,Cellier
498,Brianne He,Female,Laxman Vih, Gurgoan,India,7117484643,651-15-811,Brianne,Hefford
499,Reinwald E,Male,Babarpur, , Delhi,India,7794659826,301-19-152,Reinwald,Eles
500,Franklin P,Male,Dockyard R,Mumbai,India,7515725952,150-21-184,Franklin,Pimlock
